Time,Trial 1,Trial 2,Trial 3
0,2.57E-08,2.6985E-08,2.5471E-08
60,4.44E-06,4.3068E-06,4.6176E-06
120,6.59E-06,0.000007249,0.000005931
180,7.47E-06,7.6194E-06,6.9471E-06
240,7.83E-06,0.000007047,7.6734E-06
300,7.97E-06,7.4918E-06,8.4482E-06
360,8.03E-06,8.6724E-06,0.00000803
